Sans Serif	ABeeZee
Sans Serif	Abel
Serif	Abhaya Libre
Display	Aboreto
Display	Abril Fatface
Serif	Abyssinica SIL
Sans Serif	Aclonica
Sans Serif	Acme
Sans Serif	Actor
Serif	Adamina
Display	ADLaM Display
Sans Serif	Advent Pro
Sans Serif	Afacad
Sans Serif	Afacad Flux
Display	Agbalumo
Sans Serif	Agdasima
Display	Agu Display
Handwriting	Aguafina Script
Sans Serif	Akatab
Display	Akaya Kanadaka
Display	Akaya Telivigala
Display	Akronim
Sans Serif	Akshar
Sans Serif	Akt
Display	Aladin
Sans Serif	Alan Sans
Sans Serif	Alata
Sans Serif	Alatsi
Sans Serif	Albert Sans
Sans Serif	Aldrich
Sans Serif	Alef
Serif	Alegreya
Sans Serif	Alegreya Sans
Sans Serif	Alegreya Sans SC
Serif	Alegreya SC
Serif	Aleo
Handwriting	Alex Brush
Sans Serif	Alexandria
Display	Alfa Slab One
Serif	Alice
Display	Alien Block
Serif	Alike
Serif	Alike Angular
Serif	Alkalami
Display	Alkatra
Display	Allan
Sans Serif	Allerta
Sans Serif	Allerta Stencil
Handwriting	Allison
Handwriting	Allura
Sans Serif	Almarai
Serif	Almendra
Display	Almendra Display
Serif	Almendra SC
Sans Serif	Alumni Sans
Sans Serif	Alumni Sans Collegiate One
Display	Alumni Sans Inline One
Sans Serif	Alumni Sans Pinstripe
Sans Serif	Alumni Sans SC
Serif	Alyamama
Display	Amarante
Sans Serif	Amaranth
Sans Serif	Amarna
Handwriting	Amatic SC
Serif	Amethysta
Sans Serif	Amiko
Serif	Amiri
Serif	Amiri Quran
Handwriting	Amita
Sans Serif	Anaheim
Sans Serif	Ancizar Sans
Serif	Ancizar Serif
Serif	Andada Pro
Sans Serif	Andika
Sans Serif	Anek Bangla
Sans Serif	Anek Devanagari
Sans Serif	Anek Gujarati
Sans Serif	Anek Gurmukhi
Sans Serif	Anek Kannada
Sans Serif	Anek Latin
Sans Serif	Anek Malayalam
Sans Serif	Anek Odia
Sans Serif	Anek Tamil
Sans Serif	Anek Telugu
Display	Angkor
Serif	Annapurna SIL
Handwriting	Annie Use Your Telescope
Monospace	Anonymous Pro
Sans Serif	Anta
Sans Serif	Antic
Serif	Antic Didone
Serif	Antic Slab
Sans Serif	Anton
Sans Serif	Anton SC
Sans Serif	Antonio
Sans Serif	Anuphan
Display	Anybody
Serif	Aoboshi One
Sans Serif	AR One Sans
Serif	Arapey
Serif	Arbutus
Serif	Arbutus Slab
Handwriting	Architects Daughter
Sans Serif	Archivo
Sans Serif	Archivo Black
Sans Serif	Archivo Narrow
Handwriting	Are You Serious
Serif	Aref Ruqaa
Serif	Aref Ruqaa Ink
Display	Arima
Sans Serif	Arimo
Handwriting	Arizonia
Sans Serif	Armata
Sans Serif	Arsenal
Sans Serif	Arsenal SC
Serif	Artifika
Serif	Arvo
Sans Serif	Arya
Sans Serif	Asap
Sans Serif	Asap Condensed
Serif	Asar
Sans Serif	Asimovian
Display	Asset
Sans Serif	Assistant
Sans Serif	Asta Sans
Display	Astloch
Serif	Asul
Sans Serif	Athiti
Sans Serif	Atkinson Hyperlegible
Sans Serif	Atkinson Hyperlegible Mono
Sans Serif	Atkinson Hyperlegible Next
Display	Atma
Display	Atomic Age
Display	Aubrey
Display	Audiowide
Display	Autour One
Serif	Average
Sans Serif	Average Sans
Display	Averia Gruesa Libre
Display	Averia Libre
Display	Averia Sans Libre
Display	Averia Serif Libre
Monospace	Azeret Mono
Sans Serif	B612
Monospace	B612 Mono
Handwriting	Babylonica
Serif	Bacasime Antique
Handwriting	Bad Script
Display	Badeen Display
Display	Bagel Fat One
Display	Bahiana
Display	Bahianita
Sans Serif	Bai Jamjuree
Display	Bakbak One
Handwriting	Ballet
Display	Baloo 2
Display	Baloo Bhai 2
Display	Baloo Bhaijaan 2
Display	Baloo Bhaina 2
Display	Baloo Chettan 2
Display	Baloo Da 2
Display	Baloo Paaji 2
Display	Baloo Tamma 2
Display	Baloo Tammudu 2
Display	Baloo Thambi 2
Display	Balsamiq Sans
Serif	Balthazar
Display	Bangers
Sans Serif	Barlow
Sans Serif	Barlow Condensed
Sans Serif	Barlow Semi Condensed
Display	Barriecito
Display	Barrio
Sans Serif	Basic
Serif	Baskervville
Serif	Baskervville SC
Display	Battambang
Display	Baumans
Sans Serif	Bayon
Sans Serif	BBH Bartle
Sans Serif	BBH Bogle
Sans Serif	BBH Hegarty
Sans Serif	Be Vietnam Pro
Handwriting	Beau Rivage
Sans Serif	Bebas Neue
Sans Serif	Beiruti
Sans Serif	Belanosima
Serif	Belgrano
Serif	Bellefair
Sans Serif	Belleza
Display	Bellota
Display	Bellota Text
Sans Serif	BenchNine
Serif	Benne
Serif	Bentham
Handwriting	Berkshire Swash
Serif	Besley
Handwriting	Betania Patmos
Handwriting	Betania Patmos GDL
Handwriting	Betania Patmos In
Handwriting	Betania Patmos In GDL
Handwriting	Beth Ellen
Serif	Bevan
Serif	BhuTuka Expanded One
Display	Big Shoulders
Display	Big Shoulders Inline
Display	Big Shoulders Stencil
Display	Bigelow Rules
Display	Bigshot One
Handwriting	Bilbo
Handwriting	Bilbo Swash Caps
Serif	BioRhyme
Serif	BioRhyme Expanded
Handwriting	Birthstone
Handwriting	Birthstone Bounce
Sans Serif	Biryani
Display	Bitcount
Display	Bitcount Grid Double
Display	Bitcount Grid Double Ink
Display	Bitcount Grid Single
Display	Bitcount Grid Single Ink
Display	Bitcount Ink
Display	Bitcount Prop Double
Display	Bitcount Prop Double Ink
Display	Bitcount Prop Single
Display	Bitcount Prop Single Ink
Display	Bitcount Single
Display	Bitcount Single Ink
Serif	Bitter
Sans Serif	BIZ UDGothic
Serif	BIZ UDMincho
Sans Serif	BIZ UDPGothic
Serif	BIZ UDPMincho
Serif	BJCree
Display	Black And White Picture
Sans Serif	Black Han Sans
Display	Black Ops One
Display	Blaka
Display	Blaka Hollow
Display	Blaka Ink
Sans Serif	Blinker
Serif	Bodoni Moda
Serif	Bodoni Moda SC
Display	Bokor
Display	Boldonse
Serif	Bona Nova
Serif	Bona Nova SC
Handwriting	Bonbon
Handwriting	Bonheur Royale
Display	Boogaloo
Handwriting	Borel
Display	Bowlby One
Display	Bowlby One SC
Sans Serif	Bpmf Huninn
Handwriting	Bpmf Iansui
Sans Serif	Bpmf Zihi Kai Std
Sans Serif	Braah One
Serif	Brawler
Serif	Bree Serif
Sans Serif	Bricolage Grotesque
Display	Bruno Ace
Display	Bruno Ace SC
Serif	Brygada 1918
Display	Bubblegum Sans
Sans Serif	Bubbler One
Display	Buda
Serif	Buenard
Display	Bungee
Display	Bungee Hairline
Display	Bungee Inline
Display	Bungee Outline
Display	Bungee Shade
Display	Bungee Spice
Display	Bungee Tint
Display	Butcherman
Handwriting	Butterfly Kids
Sans Serif	Bytesized
Sans Serif	Cabin
Sans Serif	Cabin Condensed
Display	Cabin Sketch
Serif	Cactus Classical Serif
Display	Caesar Dressing
Sans Serif	Cagliostro
Sans Serif	Cairo
Sans Serif	Cairo Play
Sans Serif	Cal Sans
Serif	Caladea
Display	Calistoga
Handwriting	Calligraffitti
Sans Serif	Cambay
Serif	Cambo
Sans Serif	Candal
Sans Serif	Cantarell
Serif	Cantata One
Sans Serif	Cantora One
Display	Caprasimo
Sans Serif	Capriola
Handwriting	Caramel
Handwriting	Carattere
Serif	Cardo
Sans Serif	Carlito
Sans Serif	Carme
Sans Serif	Carrois Gothic
Sans Serif	Carrois Gothic SC
Display	Carter One
Sans Serif	Cascadia Code
Sans Serif	Cascadia Mono
Serif	Castoro
Display	Castoro Titling
Sans Serif	Catamaran
Serif	Caudex
Handwriting	Cause
Handwriting	Caveat
Handwriting	Caveat Brush
Handwriting	Cedarville Cursive
Display	Ceviche One
Sans Serif	Chakra Petch
Sans Serif	Changa
Display	Changa One
Display	Chango
Serif	Charis SIL
Handwriting	Charm
Handwriting	Charmonman
Sans Serif	Chathura
Sans Serif	Chau Philomene One
Display	Chela One
Display	Chelsea Market
Handwriting	Cherish
Display	Cherry Bomb One
Display	Cherry Cream Soda
Display	Cherry Swash
Display	Chewy
Display	Chicle
Handwriting	Chilanka
Sans Serif	Chiron GoRound TC
Sans Serif	Chiron Hei HK
Serif	Chiron Sung HK
Sans Serif	Chivo
Monospace	Chivo Mono
Sans Serif	Chocolate Classical Sans
Display	Chokokutai
Display	Chonburi
Serif	Cinzel
Display	Cinzel Decorative
Handwriting	Clicker Script
Display	Climate Crisis
Display	Coda
Display	Codystar
Display	Coiny
Display	Combo
Display	Comfortaa
Handwriting	Comforter
Handwriting	Comforter Brush
Handwriting	Comic Neue
Display	Comic Relief
Handwriting	Coming Soon
Sans Serif	Comme
Sans Serif	Commissioner
Display	Concert One
Handwriting	Condiment
Display	Contrail One
Sans Serif	Convergence
Handwriting	Cookie
Serif	Copse
Display	Coral Pixels
Display	Corben
Handwriting	Corinthia
Serif	Cormorant
Serif	Cormorant Garamond
Serif	Cormorant Infant
Serif	Cormorant SC
Serif	Cormorant Unicase
Serif	Cormorant Upright
Sans Serif	Cossette Texte
Sans Serif	Cossette Titre
Handwriting	Courgette
Monospace	Courier Prime
Monospace	Cousine
Serif	Coustard
Handwriting	Covered By Your Grace
Handwriting	Crafty Girls
Display	Creepster
Serif	Crete Round
Serif	Crimson Pro
Serif	Crimson Text
Display	Croissant One
Display	Crushed
Sans Serif	Cuprum
Display	Cute Font
Serif	Cutive
Monospace	Cutive Mono
Serif	Dai Banna SIL
Handwriting	Damion
Handwriting	Dancing Script
Serif	Danfo
Display	Dangrek
Sans Serif	Darker Grotesque
Display	Darumadrop One
Monospace	Datatype
Serif	David Libre
Handwriting	Dawning of a New Day
Sans Serif	Days One
Handwriting	Dekko
Display	Dela Gothic One
Handwriting	Delicious Handrawn
Handwriting	Delius
Handwriting	Delius Swash Caps
Handwriting	Delius Unicase
Serif	Della Respira
Sans Serif	Denk One
Handwriting	Devonshire
Sans Serif	Dhurjati
Sans Serif	Didact Gothic
Serif	Diphylleia
Display	Diplomata
Display	Diplomata SC
Monospace	DM Mono
Sans Serif	DM Sans
Serif	DM Serif Display
Serif	DM Serif Text
Sans Serif	Do Hyeon
Display	Dokdo
Serif	Domine
Serif	Donegal One
Sans Serif	Dongle
Sans Serif	Doppio One
Sans Serif	Dorsa
Sans Serif	Dosis
Sans Serif	DotGothic16
Sans Serif	Doto
Handwriting	Dr Sugiyama
Sans Serif	Duru Sans
Display	Dynalight
Display	DynaPuff
Handwriting	Eagle Lake
Handwriting	East Sea Dokdo
Display	Eater
Serif	EB Garamond
Sans Serif	Economica
Serif	Eczar
Handwriting	Edu AU VIC WA NT Arrows
Handwriting	Edu AU VIC WA NT Dots
Handwriting	Edu AU VIC WA NT Guides
Handwriting	Edu AU VIC WA NT Hand
Handwriting	Edu AU VIC WA NT Pre
Handwriting	Edu NSW ACT Cursive
Handwriting	Edu NSW ACT Foundation
Handwriting	Edu NSW ACT Hand Pre
Handwriting	Edu QLD Beginner
Handwriting	Edu QLD Hand
Handwriting	Edu SA Beginner
Handwriting	Edu SA Hand
Handwriting	Edu TAS Beginner
Handwriting	Edu VIC WA NT Beginner
Handwriting	Edu VIC WA NT Hand
Handwriting	Edu VIC WA NT Hand Pre
Sans Serif	El Messiri
Sans Serif	Electrolize
Sans Serif	Elms Sans
Display	Elsie
Display	Elsie Swash Caps
Display	Emblema One
Display	Emilys Candy
Sans Serif	Encode Sans
Sans Serif	Encode Sans Condensed
Sans Serif	Encode Sans Expanded
Sans Serif	Encode Sans SC
Sans Serif	Encode Sans Semi Condensed
Sans Serif	Encode Sans Semi Expanded
Handwriting	Engagement
Sans Serif	Englebert
Serif	Enriqueta
Handwriting	Ephesis
Sans Serif	Epilogue
Sans Serif	Epunda Sans
Serif	Epunda Slab
Display	Erica One
Serif	Esteban
Sans Serif	Estedad
Handwriting	Estonia
Handwriting	Euphoria Script
Display	Ewert
Display	Exile
Sans Serif	Exo
Sans Serif	Exo 2
Display	Expletus Sans
Handwriting	Explora
Sans Serif	Faculty Glyphic
Sans Serif	Fahkwang
Sans Serif	Familjen Grotesk
Serif	Fanwood Text
Sans Serif	Farro
Display	Farsan
Display	Fascinate
Display	Fascinate Inline
Display	Faster One
Display	Fasthand
Serif	Fauna One
Serif	Faustina
Display	Federant
Sans Serif	Federo
Handwriting	Felipa
Serif	Fenix
Handwriting	Festive
Sans Serif	Figtree
Display	Finger Paint
Sans Serif	Finlandica Headline
Sans Serif	Finlandica Text
Monospace	Fira Code
Monospace	Fira Mono
Sans Serif	Fira Sans
Sans Serif	Fira Sans Condensed
Sans Serif	Fira Sans Extra Condensed
Sans Serif	Fjalla One
Serif	Fjord One
Display	Flamenco
Display	Flavors
Handwriting	Fleur De Leah
Display	Flow Block
Display	Flow Circular
Display	Flow Rounded
Display	Foldit
Handwriting	Fondamento
Display	Fontdiner Swanky
Display	Forum
Monospace	Fragment Mono
Sans Serif	Francois One
Serif	Frank Ruhl Libre
Serif	Fraunces
Display	Freckle Face
Display	Fredericka the Great
Sans Serif	Fredoka
Display	Freehand
Display	Freeman
Sans Serif	Fresca
Display	Frijole
Display	Fruktur
Display	Fugaz One
Handwriting	Fuggles
Display	Funnel Display
Sans Serif	Funnel Sans
Sans Serif	Fustat
Handwriting	Fuzzy Bubbles
Display	Ga Maamli
Display	Gabarito
Serif	Gabriela
Handwriting	Gaegu
Sans Serif	Gafata
Display	Gajraj One
Display	Galada
Sans Serif	Galdeano
Display	Galindo
Handwriting	Gamja Flower
Sans Serif	Gantari
Sans Serif	Gasoek One
Sans Serif	Gayathri
Sans Serif	Geist
Monospace	Geist Mono
Display	Geist Pixel
Serif	Gelasio
Sans Serif	Gemunu Libre
Sans Serif	Genos
Serif	Gentium Book Plus
Serif	Gentium Plus
Sans Serif	Geo
Sans Serif	Geologica
Sans Serif	Geom
Sans Serif	Geomini
Sans Serif	Georama
Display	Geostar
Display	Geostar Fill
Display	Germania One
Serif	GFS Didot
Sans Serif	GFS Neohellenic
Display	Gideon Roman
Sans Serif	Gidole
Sans Serif	Gidugu
Serif	Gilda Display
Display	Girassol
Handwriting	Give You Glory
Display	Glass Antiqua
Serif	Glegoo
Serif	Gloock
Handwriting	Gloria Hallelujah
Sans Serif	Glory
Display	Gluten
Display	Goblin One
Handwriting	Gochi Hand
Display	Goldman
Sans Serif	Golos Text
Sans Serif	Google Sans
Monospace	Google Sans Code
Sans Serif	Google Sans Flex
Display	Gorditas
Sans Serif	Gothic A1
Sans Serif	Gotu
Serif	Goudy Bookletter 1911
Serif	Gowun Batang
Sans Serif	Gowun Dodum
Serif	Graduate
Handwriting	Grand Hotel
Serif	Grandiflora One
Display	Grandstander
Handwriting	Grape Nuts
Display	Gravitas One
Handwriting	Great Vibes
Handwriting	Grechen Fuemen
Serif	Grenze
Display	Grenze Gotisch
Handwriting	Grey Qo
Display	Griffy
Sans Serif	Gruppo
Sans Serif	Gudea
Display	Gugi
Serif	Gulzar
Serif	Gupter
Sans Serif	Gurajada
Handwriting	Gveret Levin
Handwriting	Gwendolyn
Serif	Habibi
Handwriting	Hachi Maru Pop
Serif	Hahmlet
Serif	Halant
Sans Serif	Hammersmith One
Display	Hanalei
Display	Hanalei Fill
Display	Handjet
Handwriting	Handlee
Sans Serif	Hanken Grotesk
Serif	Hanuman
Display	Happy Monkey
Sans Serif	Harmattan
Serif	Headland One
Sans Serif	Hedvig Letters Sans
Serif	Hedvig Letters Serif
Sans Serif	Heebo
Display	Henny Penny
Serif	Hepta Slab
Handwriting	Herr Von Muellerhoff
Handwriting	Hi Melody
Monospace	Hibur Mono
Serif	Hina Mincho
Sans Serif	Hind
Sans Serif	Hind Guntur
Sans Serif	Hind Madurai
Sans Serif	Hind Mysuru
Sans Serif	Hind Siliguri
Sans Serif	Hind Vadodara
Serif	Holtwood One SC
Handwriting	Homemade Apple
Sans Serif	Homenaje
Display	Honk
Sans Serif	Host Grotesk
Sans Serif	Hubballi
Sans Serif	Hubot Sans
Sans Serif	Huninn
Handwriting	Hurricane
Handwriting	Iansui
Serif	Ibarra Real Nova
Monospace	IBM Plex Mono
Sans Serif	IBM Plex Sans
Sans Serif	IBM Plex Sans Arabic
Sans Serif	IBM Plex Sans Condensed
Sans Serif	IBM Plex Sans Devanagari
Sans Serif	IBM Plex Sans Hebrew
Sans Serif	IBM Plex Sans JP
Sans Serif	IBM Plex Sans KR
Sans Serif	IBM Plex Sans Thai
Sans Serif	IBM Plex Sans Thai Looped
Serif	IBM Plex Serif
Display	Iceberg
Display	Iceland
Serif	Idiqlat
Serif	IM Fell Double Pica
Serif	IM Fell Double Pica SC
Serif	IM Fell DW Pica
Serif	IM Fell DW Pica SC
Serif	IM Fell English
Serif	IM Fell English SC
Serif	IM Fell French Canon
Serif	IM Fell French Canon SC
Serif	IM Fell Great Primer
Serif	IM Fell Great Primer SC
Serif	Imbue
Handwriting	Imperial Script
Sans Serif	Imprima
Sans Serif	Inclusive Sans
Monospace	Inconsolata
Sans Serif	Inder
Handwriting	Indie Flower
Handwriting	Ingrid Darling
Serif	Inika
Serif	Inknut Antiqua
Sans Serif	Inria Sans
Serif	Inria Serif
Handwriting	Inspiration
Sans Serif	Instrument Sans
Serif	Instrument Serif
Monospace	Intel One Mono
Sans Serif	Inter
Sans Serif	Inter Tight
Monospace	Iosevka Charon
Monospace	Iosevka Charon Mono
Display	Irish Grover
Handwriting	Island Moments
Sans Serif	Istok Web
Sans Serif	Italiana
Handwriting	Italianno
Handwriting	Itim
Display	Jacquard 12
Display	Jacquard 12 Charted
Display	Jacquard 24
Display	Jacquard 24 Charted
Display	Jacquarda Bastarda 9
Display	Jacquarda Bastarda 9 Charted
Serif	Jacques Francois
Display	Jacques Francois Shadow
Display	Jaini
Display	Jaini Purva
Sans Serif	Jaldi
Sans Serif	Jaro
Display	Jersey 10
Display	Jersey 10 Charted
Display	Jersey 15
Display	Jersey 15 Charted
Display	Jersey 20
Display	Jersey 20 Charted
Display	Jersey 25
Display	Jersey 25 Charted
Monospace	JetBrains Mono
Handwriting	Jim Nightshade
Serif	Joan
Sans Serif	Jockey One
Display	Jolly Lodger
Display	Jomhuria
Serif	Jomolhari
Sans Serif	Josefin Sans
Serif	Josefin Slab
Sans Serif	Jost
Display	Joti One
Sans Serif	Jua
Serif	Judson
Handwriting	Julee
Sans Serif	Julius Sans One
Serif	Junge
Sans Serif	Jura
Handwriting	Just Another Hand
Handwriting	Just Me Again Down Here
Sans Serif	K2D
Display	Kablammo
Serif	Kadwa
Serif	Kaisei Decol
Serif	Kaisei HarunoUmi
Serif	Kaisei Opti
Serif	Kaisei Tokumin
Handwriting	Kalam
Serif	Kalnia
Display	Kalnia Glaze
Serif	Kameron
Sans Serif	Kanchenjunga
Sans Serif	Kanit
Sans Serif	Kantumruy Pro
Handwriting	Kapakana
Display	Karantina
Sans Serif	Karla
Serif	Karma
Display	Katibeh
Handwriting	Kaushan Script
Handwriting	Kavivanar
Display	Kavoon
Serif	Kay Pho Du
Sans Serif	Kdam Thmor Pro
Display	Keania One
Sans Serif	Kedebideri
Display	Kelly Slab
Display	Kenia
Sans Serif	Khand
Sans Serif	Khula
Handwriting	Kings
Display	Kirang Haerang
Sans Serif	Kite One
Serif	Kiwi Maru
Handwriting	Klee One
Display	Knewave
Sans Serif	Kodchasan
Monospace	Kode Mono
Serif	Koh Santepheap
Sans Serif	KoHo
Handwriting	Kolker Brush
Display	Konkhmer Sleokchher
Sans Serif	Kosugi
Sans Serif	Kosugi Maru
Serif	Kotta One
Display	Koulen
Display	Kranky
Serif	Kreon
Handwriting	Kristi
Sans Serif	Krona One
Sans Serif	Krub
Sans Serif	Kufam
Sans Serif	Kulim Park
Display	Kumar One
Display	Kumar One Outline
Sans Serif	Kumbh Sans
Serif	Kurale
Handwriting	La Belle Aurore
Serif	Labrada
Display	Lacquer
Serif	Laila
Handwriting	Lakki Reddy
Sans Serif	Lalezar
Display	Lancelot
Display	Langar
Serif	Lateef
Sans Serif	Lato
Handwriting	Lavishly Yours
Sans Serif	League Gothic
Handwriting	League Script
Sans Serif	League Spartan
Handwriting	Leckerli One
Serif	Ledger
Monospace	Lekton
Display	Lemon
Display	Lemonada
Sans Serif	Lexend
Sans Serif	Lexend Deca
Sans Serif	Lexend Exa
Sans Serif	Lexend Giga
Sans Serif	Lexend Mega
Sans Serif	Lexend Peta
Sans Serif	Lexend Tera
Sans Serif	Lexend Zetta
Display	Libertinus Keyboard
Monospace	Libertinus Mono
Sans Serif	Libertinus Sans
Serif	Libertinus Serif
Display	Libertinus Serif Display
Display	Libre Barcode 128
Display	Libre Barcode 128 Text
Display	Libre Barcode 39
Display	Libre Barcode 39 Extended
Display	Libre Barcode 39 Extended Text
Display	Libre Barcode 39 Text
Display	Libre Barcode EAN13 Text
Serif	Libre Baskerville
Serif	Libre Bodoni
Serif	Libre Caslon Display
Serif	Libre Caslon Text
Sans Serif	Libre Franklin
Handwriting	Licorice
Display	Life Savers
Monospace	Lilex
Display	Lilita One
Display	Lily Script One
Display	Limelight
Serif	Linden Hill
Sans Serif	LINE Seed JP
Serif	Lisu Bosa
Sans Serif	Liter
Serif	Literata
Handwriting	Liu Jian Mao Cao
Sans Serif	Livvic
Display	Lobster
Display	Lobster Two
Display	Londrina Outline
Display	Londrina Shadow
Display	Londrina Sketch
Display	Londrina Solid
Handwriting	Long Cang
Serif	Lora
Handwriting	Love Light
Display	Love Ya Like A Sister
Handwriting	Loved by the King
Handwriting	Lovers Quarrel
Display	Luckiest Guy
Handwriting	Lugrasimo
Handwriting	Lumanosimo
Sans Serif	Lunasima
Serif	Lusitana
Serif	Lustria
Display	Luxurious Roman
Handwriting	Luxurious Script
Sans Serif	LXGW Marker Gothic
Monospace	LXGW WenKai Mono TC
Handwriting	LXGW WenKai TC
Sans Serif	M PLUS 1
Monospace	M PLUS 1 Code
Sans Serif	M PLUS 1p
Sans Serif	M PLUS 2
Sans Serif	M PLUS Code Latin
Sans Serif	M PLUS Rounded 1c
Sans Serif	M PLUS U
Handwriting	Ma Shan Zheng
Display	Macondo
Display	Macondo Swash Caps
Sans Serif	Mada
Sans Serif	Madimi One
Sans Serif	Magra
Serif	Maiden Orange
Serif	Maitree
Monospace	Major Mono Display
Sans Serif	Mako
Handwriting	Mali
Sans Serif	Mallanna
Serif	Maname
Sans Serif	Mandali
Sans Serif	Manjari
Sans Serif	Manrope
Handwriting	Mansalva
Serif	Manuale
Display	Manufacturing Consent
Serif	Marcellus
Serif	Marcellus SC
Handwriting	Marck Script
Display	Margarine
Display	Marhey
Serif	Markazi Text
Serif	Marko One
Sans Serif	Marmelad
Serif	Martel
Sans Serif	Martel Sans
Monospace	Martian Mono
Sans Serif	Marvel
Sans Serif	Matangi
Serif	Mate
Serif	Mate SC
Sans Serif	Matemasie
Sans Serif	Maven Pro
Display	McLaren
Handwriting	Mea Culpa
Handwriting	Meddon
Display	MedievalSharp
Display	Medula One
Sans Serif	Meera Inimai
Display	Megrim
Handwriting	Meie Script
Sans Serif	Menbere
Handwriting	Meow Script
Handwriting	Merienda
Serif	Merriweather
Sans Serif	Merriweather Sans
Display	Metal
Display	Metal Mania
Display	Metamorphous
Sans Serif	Metrophobic
Sans Serif	Michroma
Display	Micro 5
Display	Micro 5 Charted
Display	Milonga
Display	Miltonian
Display	Miltonian Tattoo
Sans Serif	Mina
Sans Serif	Mingzat
Display	Miniver
Sans Serif	Miranda Sans
Sans Serif	Miriam Libre
Serif	Mirza
Handwriting	Miss Fajardose
Sans Serif	Mitr
Sans Serif	Mochiy Pop One
Sans Serif	Mochiy Pop P One
Display	Modak
Display	Modern Antiqua
Sans Serif	Moderustic
Display	Mogra
Sans Serif	Mohave
Display	Moirai One
Sans Serif	Molengo
Handwriting	Molle
Sans Serif	Momo Signature
Sans Serif	Momo Trust Display
Sans Serif	Momo Trust Sans
Sans Serif	Mona Sans
Sans Serif	Monda
Monospace	Monofett
Display	Monomakh
Sans Serif	Monomaniac One
Display	Monoton
Handwriting	Monsieur La Doulaise
Serif	Montaga
Serif	Montagu Slab
Handwriting	MonteCarlo
Serif	Montenegrin Gothic One
Handwriting	Montez
Sans Serif	Montserrat
Sans Serif	Montserrat Alternates
Sans Serif	Montserrat Underline
Display	Moo Lah Lah
Sans Serif	Mooli
Handwriting	Moon Dance
Display	Moul
Sans Serif	Moulpali
Display	Mountains of Christmas
Sans Serif	Mouse Memoirs
Sans Serif	Mozilla Headline
Sans Serif	Mozilla Text
Handwriting	Mr Bedfort
Handwriting	Mr Dafoe
Handwriting	Mr De Haviland
Handwriting	Mrs Saint Delafield
Handwriting	Mrs Sheppards
Handwriting	Ms Madi
Sans Serif	Mukta
Sans Serif	Mukta Mahee
Sans Serif	Mukta Malar
Sans Serif	Mukta Vaani
Sans Serif	Mulish
Sans Serif	Murecho
Display	MuseoModerno
Handwriting	My Soul
Handwriting	Mynerve
Display	Mystery Quest
Display	Nabla
Serif	Namdhinggo
Handwriting	Nanum Brush Script
Sans Serif	Nanum Gothic
Handwriting	Nanum Gothic Coding
Serif	Nanum Myeongjo
Handwriting	Nanum Pen Script
Sans Serif	Narnoor
Sans Serif	Nata Sans
Sans Serif	National Park
Handwriting	Neonderthaw
Handwriting	Nerko One
Handwriting	Neucha
Serif	Neuton
Sans Serif	New Amsterdam
Display	New Rocker
Serif	New Tegomin
Sans Serif	News Cycle
Serif	Newsreader
Handwriting	Niconne
Sans Serif	Niramit
Display	Nixie One
Sans Serif	Nobile
Sans Serif	Nokora
Handwriting	Norican
Display	Nosifer
Sans Serif	Notable
Handwriting	Nothing You Could Do
Serif	Noticia Text
Sans Serif	Noto Sans
Sans Serif	Noto Sans Adlam
Sans Serif	Noto Sans Adlam Unjoined
Sans Serif	Noto Sans Anatolian Hieroglyphs
Sans Serif	Noto Sans Arabic
Sans Serif	Noto Sans Armenian
Sans Serif	Noto Sans Avestan
Sans Serif	Noto Sans Balinese
Sans Serif	Noto Sans Bamum
Sans Serif	Noto Sans Bassa Vah
Sans Serif	Noto Sans Batak
Sans Serif	Noto Sans Bengali
Sans Serif	Noto Sans Bhaiksuki
Sans Serif	Noto Sans Brahmi
Sans Serif	Noto Sans Buginese
Sans Serif	Noto Sans Buhid
Sans Serif	Noto Sans Canadian Aboriginal
Sans Serif	Noto Sans Carian
Sans Serif	Noto Sans Caucasian Albanian
Sans Serif	Noto Sans Chakma
Sans Serif	Noto Sans Cham
Sans Serif	Noto Sans Cherokee
Sans Serif	Noto Sans Chorasmian
Sans Serif	Noto Sans Coptic
Sans Serif	Noto Sans Cuneiform
Sans Serif	Noto Sans Cypriot
Sans Serif	Noto Sans Cypro Minoan
Sans Serif	Noto Sans Deseret
Sans Serif	Noto Sans Devanagari
Sans Serif	Noto Sans Display
Sans Serif	Noto Sans Duployan
Sans Serif	Noto Sans Egyptian Hieroglyphs
Sans Serif	Noto Sans Elbasan
Sans Serif	Noto Sans Elymaic
Sans Serif	Noto Sans Ethiopic
Sans Serif	Noto Sans Georgian
Sans Serif	Noto Sans Glagolitic
Sans Serif	Noto Sans Gothic
Sans Serif	Noto Sans Grantha
Sans Serif	Noto Sans Gujarati
Sans Serif	Noto Sans Gunjala Gondi
Sans Serif	Noto Sans Gurmukhi
Sans Serif	Noto Sans Hanifi Rohingya
Sans Serif	Noto Sans Hanunoo
Sans Serif	Noto Sans Hatran
Sans Serif	Noto Sans Hebrew
Sans Serif	Noto Sans HK
Sans Serif	Noto Sans Imperial Aramaic
Sans Serif	Noto Sans Indic Siyaq Numbers
Sans Serif	Noto Sans Inscriptional Pahlavi
Sans Serif	Noto Sans Inscriptional Parthian
Sans Serif	Noto Sans Javanese
Sans Serif	Noto Sans JP
Sans Serif	Noto Sans Kaithi
Sans Serif	Noto Sans Kannada
Sans Serif	Noto Sans Kawi
Sans Serif	Noto Sans Kayah Li
Sans Serif	Noto Sans Kharoshthi
Sans Serif	Noto Sans Khmer
Sans Serif	Noto Sans Khojki
Sans Serif	Noto Sans Khudawadi
Sans Serif	Noto Sans KR
Sans Serif	Noto Sans Lao
Sans Serif	Noto Sans Lao Looped
Sans Serif	Noto Sans Lepcha
Sans Serif	Noto Sans Limbu
Sans Serif	Noto Sans Linear A
Sans Serif	Noto Sans Linear B
Sans Serif	Noto Sans Lisu
Sans Serif	Noto Sans Lydian
Sans Serif	Noto Sans Mahajani
Sans Serif	Noto Sans Malayalam
Sans Serif	Noto Sans Mandaic
Sans Serif	Noto Sans Manichaean
Sans Serif	Noto Sans Marchen
Sans Serif	Noto Sans Masaram Gondi
Sans Serif	Noto Sans Mayan Numerals
Sans Serif	Noto Sans Medefaidrin
Sans Serif	Noto Sans Meetei Mayek
Sans Serif	Noto Sans Mende Kikakui
Sans Serif	Noto Sans Meroitic
Sans Serif	Noto Sans Miao
Sans Serif	Noto Sans Modi
Sans Serif	Noto Sans Mongolian
Sans Serif	Noto Sans Mono
Sans Serif	Noto Sans Mro
Sans Serif	Noto Sans Multani
Sans Serif	Noto Sans Myanmar
Sans Serif	Noto Sans Nabataean
Sans Serif	Noto Sans Nag Mundari
Sans Serif	Noto Sans Nandinagari
Sans Serif	Noto Sans New Tai Lue
Sans Serif	Noto Sans Newa
Sans Serif	Noto Sans NKo
Sans Serif	Noto Sans NKo Unjoined
Sans Serif	Noto Sans Nushu
Sans Serif	Noto Sans Ogham
Sans Serif	Noto Sans Ol Chiki
Sans Serif	Noto Sans Old Hungarian
Sans Serif	Noto Sans Old Italic
Sans Serif	Noto Sans Old North Arabian
Sans Serif	Noto Sans Old Permic
Sans Serif	Noto Sans Old Persian
Sans Serif	Noto Sans Old Sogdian
Sans Serif	Noto Sans Old South Arabian
Sans Serif	Noto Sans Old Turkic
Sans Serif	Noto Sans Oriya
Sans Serif	Noto Sans Osage
Sans Serif	Noto Sans Osmanya
Sans Serif	Noto Sans Pahawh Hmong
Sans Serif	Noto Sans Palmyrene
Sans Serif	Noto Sans Pau Cin Hau
Sans Serif	Noto Sans PhagsPa
Sans Serif	Noto Sans Phoenician
Sans Serif	Noto Sans Psalter Pahlavi
Sans Serif	Noto Sans Rejang
Sans Serif	Noto Sans Runic
Sans Serif	Noto Sans Samaritan
Sans Serif	Noto Sans Saurashtra
Sans Serif	Noto Sans SC
Sans Serif	Noto Sans Sharada
Sans Serif	Noto Sans Shavian
Sans Serif	Noto Sans Siddham
Sans Serif	Noto Sans SignWriting
Sans Serif	Noto Sans Sinhala
Sans Serif	Noto Sans Sogdian
Sans Serif	Noto Sans Sora Sompeng
Sans Serif	Noto Sans Soyombo
Sans Serif	Noto Sans Sundanese
Sans Serif	Noto Sans Sunuwar
Sans Serif	Noto Sans Syloti Nagri
Sans Serif	Noto Sans Symbols
Sans Serif	Noto Sans Symbols 2
Sans Serif	Noto Sans Syriac
Sans Serif	Noto Sans Syriac Eastern
Sans Serif	Noto Sans Syriac Western
Sans Serif	Noto Sans Tagalog
Sans Serif	Noto Sans Tagbanwa
Sans Serif	Noto Sans Tai Le
Sans Serif	Noto Sans Tai Tham
Sans Serif	Noto Sans Tai Viet
Sans Serif	Noto Sans Takri
Sans Serif	Noto Sans Tamil
Sans Serif	Noto Sans Tamil Supplement
Sans Serif	Noto Sans Tangsa
Sans Serif	Noto Sans TC
Sans Serif	Noto Sans Telugu
Sans Serif	Noto Sans Thaana
Sans Serif	Noto Sans Thai
Sans Serif	Noto Sans Thai Looped
Sans Serif	Noto Sans Tifinagh
Sans Serif	Noto Sans Tirhuta
Sans Serif	Noto Sans Ugaritic
Sans Serif	Noto Sans Vai
Sans Serif	Noto Sans Vithkuqi
Sans Serif	Noto Sans Wancho
Sans Serif	Noto Sans Warang Citi
Sans Serif	Noto Sans Yi
Sans Serif	Noto Sans Zanabazar Square
Serif	Noto Serif
Serif	Noto Serif Ahom
Serif	Noto Serif Armenian
Serif	Noto Serif Balinese
Serif	Noto Serif Bengali
Serif	Noto Serif Devanagari
Serif	Noto Serif Display
Serif	Noto Serif Dives Akuru
Serif	Noto Serif Dogra
Serif	Noto Serif Ethiopic
Serif	Noto Serif Georgian
Serif	Noto Serif Grantha
Serif	Noto Serif Gujarati
Serif	Noto Serif Gurmukhi
Serif	Noto Serif Hebrew
Serif	Noto Serif Hentaigana
Serif	Noto Serif HK
Serif	Noto Serif JP
Serif	Noto Serif Kannada
Serif	Noto Serif Khitan Small Script
Serif	Noto Serif Khmer
Serif	Noto Serif Khojki
Serif	Noto Serif KR
Serif	Noto Serif Lao
Serif	Noto Serif Makasar
Serif	Noto Serif Malayalam
Serif	Noto Serif NP Hmong
Serif	Noto Serif Old Uyghur
Serif	Noto Serif Oriya
Serif	Noto Serif Ottoman Siyaq
Serif	Noto Serif SC
Serif	Noto Serif Sinhala
Serif	Noto Serif Tamil
Serif	Noto Serif Tangut
Serif	Noto Serif TC
Serif	Noto Serif Telugu
Serif	Noto Serif Thai
Serif	Noto Serif Tibetan
Serif	Noto Serif Todhri
Serif	Noto Serif Toto
Serif	Noto Serif Vithkuqi
Serif	Noto Serif Yezidi
Display	Nova Cut
Display	Nova Flat
Monospace	Nova Mono
Display	Nova Oval
Display	Nova Round
Display	Nova Script
Display	Nova Slim
Display	Nova Square
Sans Serif	NTR
Sans Serif	Numans
Sans Serif	Nunito
Sans Serif	Nunito Sans
Sans Serif	Nuosu SIL
Display	Odibee Sans
Serif	Odor Mean Chey
Display	Offside
Display	Oi
Sans Serif	Ojuju
Serif	Old Standard TT
Display	Oldenburg
Handwriting	Ole
Display	Oleo Script
Display	Oleo Script Swash Caps
Sans Serif	Onest
Handwriting	Oooh Baby
Sans Serif	Open Sans
Serif	Oranienbaum
Sans Serif	Orbit
Sans Serif	Orbitron
Display	Oregano
Display	Orelega One
Sans Serif	Orienta
Display	Original Surfer
Sans Serif	Oswald
Sans Serif	Outfit
Handwriting	Over the Rainbow
Display	Overlock
Display	Overlock SC
Sans Serif	Overpass
Monospace	Overpass Mono
Serif	Ovo
Display	Oxanium
Sans Serif	Oxygen
Monospace	Oxygen Mono
Handwriting	Pacifico
Sans Serif	Padauk
Serif	Padyakke Expanded One
Sans Serif	Palanquin
Sans Serif	Palanquin Dark
Display	Palette Mosaic
Handwriting	Pangolin
Display	Paprika
Serif	Parastoo
Handwriting	Parisienne
Sans Serif	Parkinsans
Display	Passero One
Display	Passion One
Handwriting	Passions Conflict
Sans Serif	Pathway Extreme
Sans Serif	Pathway Gothic One
Handwriting	Patrick Hand
Handwriting	Patrick Hand SC
Sans Serif	Pattaya
Display	Patua One
Sans Serif	Pavanam
Sans Serif	Paytone One
Serif	Peddana
Serif	Peralta
Handwriting	Permanent Marker
Handwriting	Petemoss
Handwriting	Petit Formal Script
Serif	Petrona
Sans Serif	Philosopher
Display	Phudu
Serif	Piazzolla
Display	Piedra
Handwriting	Pinyon Script
Display	Pirata One
Display	Pixelify Sans
Display	Plaster
Serif	Platypi
Sans Serif	Play
Display	Playball
Serif	Playfair
Serif	Playfair Display
Serif	Playfair Display SC
Handwriting	Playpen Sans
Handwriting	Playpen Sans Arabic
Handwriting	Playpen Sans Deva
Handwriting	Playpen Sans Hebrew
Handwriting	Playpen Sans Thai
Sans Serif	Pliant
Sans Serif	Plus Jakarta Sans
Display	Pochaevsk
Serif	Podkova
Display	Poetsen One
Display	Poiret One
Display	Poller One
Serif	Poltawski Nowy
Serif	Poly
Display	Pompiere
Display	Ponnala
Display	Ponomar
Sans Serif	Pontano Sans
Display	Poor Story
Sans Serif	Poppins
Sans Serif	Port Lligat Sans
Serif	Port Lligat Slab
Display	Potta One
Sans Serif	Pragati Narrow
Handwriting	Praise
Serif	Prata
Sans Serif	Preahvihear
Display	Press Start 2P
Serif	Pridi
Handwriting	Princess Sofia
Serif	Prociono
Sans Serif	Prompt
Display	Prosto One
Display	Protest Guerrilla
Display	Protest Revolution
Display	Protest Riot
Display	Protest Strike
Sans Serif	Proza Libre
Monospace	PT Mono
Sans Serif	PT Sans
Sans Serif	PT Sans Caption
Sans Serif	PT Sans Narrow
Serif	PT Serif
Serif	PT Serif Caption
Sans Serif	Public Sans
Handwriting	Puppies Play
Sans Serif	Puritan
Display	Purple Purse
Sans Serif	Qahiri
Serif	Quando
Sans Serif	Quantico
Serif	Quattrocento
Sans Serif	Quattrocento Sans
Sans Serif	Questrial
Sans Serif	Quicksand
Handwriting	Quintessential
Handwriting	Qwigley
Handwriting	Qwitcher Grypen
Display	Racing Sans One
Sans Serif	Radio Canada
Sans Serif	Radio Canada Big
Serif	Radley
Sans Serif	Rajdhani
Display	Rakkas
Sans Serif	Raleway
Display	Raleway Dots
Sans Serif	Ramabhadra
Serif	Ramaraja
Sans Serif	Rambla
Display	Rammetto One
Display	Rampart One
Serif	Ramsina
Display	Ranchers
Handwriting	Rancho
Display	Ranga
Serif	Rasa
Sans Serif	Rationale
Display	Ravi Prakash
Sans Serif	Readex Pro
Sans Serif	Recursive
Sans Serif	Red Hat Display
Monospace	Red Hat Mono
Sans Serif	Red Hat Text
Display	Red Rose
Display	Redacted
Display	Redacted Script
Monospace	Reddit Mono
Sans Serif	Reddit Sans
Sans Serif	Reddit Sans Condensed
Handwriting	Redressed
Sans Serif	Reem Kufi
Sans Serif	Reem Kufi Fun
Sans Serif	Reem Kufi Ink
Handwriting	Reenie Beanie
Display	Reggae One
Sans Serif	REM
Sans Serif	Rethink Sans
Display	Revalia
Serif	Rhodium Libre
Display	Ribeye
Display	Ribeye Marrow
Display	Righteous
Display	Risque
Display	Road Rage
Sans Serif	Roboto
Sans Serif	Roboto Condensed
Sans Serif	Roboto Flex
Monospace	Roboto Mono
Serif	Roboto Serif
Serif	Roboto Slab
Handwriting	Rochester
Display	Rock 3D
Handwriting	Rock Salt
Sans Serif	RocknRoll One
Serif	Rokkitt
Handwriting	Romanesco
Sans Serif	Ropa Sans
Sans Serif	Rosario
Serif	Rosarivo
Handwriting	Rouge Script
Display	Rowdies
Serif	Rozha One
Sans Serif	Rubik
Display	Rubik 80s Fade
Display	Rubik Beastly
Display	Rubik Broken Fax
Display	Rubik Bubbles
Display	Rubik Burned
Display	Rubik Dirt
Display	Rubik Distressed
Display	Rubik Doodle Shadow
Display	Rubik Doodle Triangles
Display	Rubik Gemstones
Display	Rubik Glitch
Display	Rubik Glitch Pop
Display	Rubik Iso
Display	Rubik Lines
Display	Rubik Maps
Display	Rubik Marker Hatch
Display	Rubik Maze
Display	Rubik Microbe
Sans Serif	Rubik Mono One
Display	Rubik Moonrocks
Display	Rubik Pixels
Display	Rubik Puddles
Display	Rubik Scribble
Display	Rubik Spray Paint
Display	Rubik Storm
Display	Rubik Vinyl
Display	Rubik Wet Paint
Sans Serif	Ruda
Serif	Rufina
Handwriting	Ruge Boogie
Sans Serif	Ruluko
Sans Serif	Rum Raisin
Display	Ruslan Display
Sans Serif	Russo One
Handwriting	Ruthie
Serif	Ruwudu
Display	Rye
Handwriting	Sacramento
Serif	Sahitya
Display	Sail
Sans Serif	Saira
Sans Serif	Saira Condensed
Sans Serif	Saira Extra Condensed
Sans Serif	Saira Semi Condensed
Display	Saira Stencil
Display	Salsa
Serif	Sanchez
Display	Sancreek
Sans Serif	Sankofa Display
Sans Serif	Sansation
Sans Serif	Sansita
Display	Sansita Swashed
Sans Serif	Sarabun
Sans Serif	Sarala
Display	Sarina
Sans Serif	Sarpanch
Handwriting	Sassy Frass
Handwriting	Satisfy
Sans Serif	Savate
Sans Serif	Sawarabi Gothic
Serif	Sawarabi Mincho
Sans Serif	Scada
Serif	Scheherazade New
Sans Serif	Schibsted Grotesk
Handwriting	Schoolbell
Sans Serif	Science Gothic
Serif	Scope One
Display	Seaweed Script
Sans Serif	Secular One
Serif	Sedan
Serif	Sedan SC
Handwriting	Sedgwick Ave
Handwriting	Sedgwick Ave Display
Display	Sekuya
Sans Serif	Sen
Handwriting	Send Flowers
Display	Sevillana
Sans Serif	Seymour One
Handwriting	Shadows Into Light
Handwriting	Shadows Into Light Two
Display	Shafarik
Handwriting	Shalimar
Display	Shantell Sans
Sans Serif	Shanti
Sans Serif	Share
Sans Serif	Share Tech
Monospace	Share Tech Mono
Sans Serif	Shippori Antique
Sans Serif	Shippori Antique B1
Serif	Shippori Mincho
Serif	Shippori Mincho B1
Display	Shizuru
Display	Shojumaru
Handwriting	Short Stack
Display	Shrikhand
Display	Sigmar
Display	Sigmar One
Sans Serif	Signika
Sans Serif	Signika Negative
Display	Silkscreen
Display	Simonetta
Display	Single Day
Sans Serif	Sintony
Display	Sirin Stencil
Sans Serif	Sirivennela
Sans Serif	Six Caps
Monospace	Sixtyfour
Monospace	Sixtyfour Convergence
Display	Skranji
Serif	Slabo 13px
Serif	Slabo 27px
Display	Slackey
Handwriting	Slackside One
Display	Smokum
Handwriting	Smooch
Sans Serif	Smooch Sans
Display	Smythe
Sans Serif	SN Pro
Display	Sniglet
Sans Serif	Snippet
Display	Snowburst One
Display	Sofadi One
Handwriting	Sofia
Sans Serif	Sofia Sans
Sans Serif	Sofia Sans Condensed
Sans Serif	Sofia Sans Extra Condensed
Sans Serif	Sofia Sans Semi Condensed
Handwriting	Solitreo
Serif	Solway
Monospace	Sometype Mono
Serif	Song Myung
Sans Serif	Sono
Display	Sonsie One
Sans Serif	Sora
Serif	Sorts Mill Goudy
Sans Serif	Sour Gummy
Monospace	Source Code Pro
Sans Serif	Source Sans 3
Serif	Source Serif 4
Sans Serif	Space Grotesk
Monospace	Space Mono
Display	Special Elite
Sans Serif	Special Gothic
Sans Serif	Special Gothic Condensed One
Sans Serif	Special Gothic Expanded One
Serif	Spectral
Serif	Spectral SC
Display	Spicy Rice
Sans Serif	Spinnaker
Display	Spirax
Handwriting	Splash
Sans Serif	Spline Sans
Monospace	Spline Sans Mono
Display	Squada One
Handwriting	Square Peg
Serif	Sree Krushnadevaraya
Handwriting	Sriracha
Display	Srisakdi
Display	Staatliches
Sans Serif	Stack Sans Headline
Sans Serif	Stack Sans Notch
Sans Serif	Stack Sans Text
Handwriting	Stalemate
Display	Stalinist One
Display	Stardos Stencil
Sans Serif	Stick
Sans Serif	Stick No Bills
Serif	Stint Ultra Condensed
Serif	Stint Ultra Expanded
Serif	STIX Two Text
Serif	Stoke
Sans Serif	Story Script
Sans Serif	Strait
Sans Serif	Strichpunkt Sans
Handwriting	Style Script
Sans Serif	Stylish
Handwriting	Sue Ellen Francisco
Serif	Suez One
Sans Serif	Sulphur Point
Serif	Sumana
Sans Serif	Sunflower
Handwriting	Sunshiney
Display	Supermercado One
Serif	Sura
Serif	Suranna
Serif	Suravaram
Sans Serif	SUSE
Sans Serif	SUSE Mono
Serif	Suwannaphum
Handwriting	Swanky and Moo Moo
Sans Serif	Syncopate
Sans Serif	Syne
Monospace	Syne Mono
Display	Syne Tactile
Sans Serif	Tac One
Display	Tagesschrift
Serif	Tai Heritage Pro
Sans Serif	Tajawal
Handwriting	Tangerine
Handwriting	Tapestry
Display	Taprom
Sans Serif	TASA Explorer
Sans Serif	TASA Orbiter
Sans Serif	Tauri
Serif	Taviraj
Sans Serif	Teachers
Sans Serif	Teko
Display	Tektur
Sans Serif	Telex
Sans Serif	Tenali Ramakrishna
Sans Serif	Tenor Sans
Sans Serif	Text Me One
Serif	Texturina
Sans Serif	Thasadith
Handwriting	The Girl Next Door
Handwriting	The Nautigal
Serif	Tienne
Sans Serif	TikTok Sans
Display	Tillana
Display	Tilt Neon
Display	Tilt Prism
Display	Tilt Warp
Sans Serif	Timmana
Serif	Tinos
Sans Serif	Tiny5
Serif	Tiro Bangla
Serif	Tiro Devanagari Hindi
Serif	Tiro Devanagari Marathi
Serif	Tiro Devanagari Sanskrit
Serif	Tiro Gurmukhi
Serif	Tiro Kannada
Serif	Tiro Tamil
Serif	Tiro Telugu
Sans Serif	Tirra
Display	Titan One
Sans Serif	Titillium Web
Sans Serif	Tomorrow
Display	Tourney
Display	Trade Winds
Display	Train One
Display	Triodion
Serif	Trirong
Sans Serif	Trispace
Serif	Trocchi
Display	Trochut
Sans Serif	Truculenta
Serif	Trykker
Sans Serif	Tsukimi Rounded
Sans Serif	Tuffy
Display	Tulpen One
Display	Turret Road
Handwriting	Twinkle Star
Sans Serif	Ubuntu
Sans Serif	Ubuntu Condensed
Monospace	Ubuntu Mono
Sans Serif	Ubuntu Sans
Monospace	Ubuntu Sans Mono
Serif	Uchen
Serif	Ultra
Sans Serif	Unbounded
Display	Uncial Antiqua
Display	Underdog
Display	Unica One
Display	UnifrakturCook
Display	UnifrakturMaguntia
Display	Unkempt
Display	Unlock
Serif	Unna
Serif	UoqMunThenKhung
Handwriting	Updock
Sans Serif	Urbanist
Display	Vampiro One
Sans Serif	Varela
Sans Serif	Varela Round
Sans Serif	Varta
Serif	Vast Shadow
Sans Serif	Vazirmatn
Sans Serif	Vend Sans
Serif	Vesper Libre
Display	Viaoda Libre
Display	Vibes
Handwriting	Vibur
Monospace	Victor Mono
Serif	Vidaloka
Sans Serif	Viga
Display	Vina Sans
Sans Serif	Voces
Serif	Volkhov
Serif	Vollkorn
Serif	Vollkorn SC
Sans Serif	Voltaire
Monospace	VT323
Handwriting	Vujahday Script
Handwriting	Waiting for the Sunrise
Display	Wallpoet
Handwriting	Walter Turncoat
Display	Warnes
Handwriting	Water Brush
Handwriting	Waterfall
Sans Serif	WDXL Lubrifont JP N
Sans Serif	WDXL Lubrifont SC
Sans Serif	WDXL Lubrifont TC
Serif	Wellfleet
Sans Serif	Wendy One
Handwriting	Whisper
Handwriting	WindSong
Sans Serif	Winky Rough
Sans Serif	Winky Sans
Sans Serif	Wire One
Serif	Wittgenstein
Sans Serif	Wix Madefor Display
Sans Serif	Wix Madefor Text
Sans Serif	Work Sans
Monospace	Workbench
Monospace	Xanh Mono
Sans Serif	Yaldevi
Sans Serif	Yanone Kaffeesatz
Sans Serif	Yantramanav
Display	Yarndings 12
Display	Yarndings 12 Charted
Display	Yarndings 20
Display	Yarndings 20 Charted
Display	Yatra One
Handwriting	Yellowtail
Display	Yeon Sung
Display	Yeseva One
Handwriting	Yesteryear
Handwriting	Yomogi
Serif	Young Serif
Serif	Yrsa
Sans Serif	Ysabeau
Sans Serif	Ysabeau Infant
Sans Serif	Ysabeau Office
Sans Serif	Ysabeau SC
Serif	Yuji Boku
Handwriting	Yuji Hentaigana Akari
Handwriting	Yuji Hentaigana Akebono
Serif	Yuji Mai
Serif	Yuji Syuku
Sans Serif	Yusei Magic
Handwriting	Yuyu
Handwriting	Yuyu Short
Sans Serif	Zain
Sans Serif	Zalando Sans
Sans Serif	Zalando Sans Expanded
Sans Serif	Zalando Sans SemiExpanded
Sans Serif	ZCOOL KuaiLe
Sans Serif	ZCOOL QingKe HuangYou
Sans Serif	ZCOOL XiaoWei
Serif	Zen Antique
Serif	Zen Antique Soft
Display	Zen Dots
Sans Serif	Zen Kaku Gothic Antique
Sans Serif	Zen Kaku Gothic New
Sans Serif	Zen Kurenaido
Display	Zen Loop
Sans Serif	Zen Maru Gothic
Serif	Zen Old Mincho
Display	Zen Tokyo Zoo
Handwriting	Zeyada
Handwriting	Zhi Mang Xing
Serif	Zilla Slab
Serif	Zilla Slab Highlight
